{"means":[5624.869591730545,10.230673316708229,3.0972568578553616,2.0324189526184537,1.2169576059850373,0.13092269326683292,0.12967581047381546,27.354142089287418],"stds":[13632.563746779466,7.322489989504609,2.0063533641421696,1.393410349836802,1.0272165235395432,0.3373157892162659,0.3359464163401294,23.651587148519795]}