{"means":[6948.129658319995,10.081582200247219,2.9864029666254637,2.0407911001236094,1.2966625463535228,0.1631644004944376,0.173053152039555,29.33264372079805],"stds":[16502.642387874606,7.2018929985388285,2.0205527498369737,1.4175545603746484,1.0540410136406146,0.36951560035501874,0.3782932177672912,24.59478878895603]}