{"means":[6237.8016334319,9.905590062111802,3.0074534161490685,2.026086956521739,1.2906832298136646,0.15403726708074533,0.15527950310559005,27.941387557064793],"stds":[13790.326788475193,7.18165579315312,2.0037093798467507,1.427525406943646,1.0443459864471167,0.36098446979204246,0.36217092514567095,24.122954771577096]}